DELETE FROM dfm_data;
DELETE FROM dfm_Stores;
DELETE FROM dfm_metrics;
insert into dfm_stores values('Alexandria Motors');
insert into dfm_stores values('Apple Valley');
insert into dfm_stores values('Durango Motor Co');
insert into dfm_stores values('Friendly Chevrolet ');
insert into dfm_stores values('Gilleland Chevrolet');
insert into dfm_stores values('Hastings Ford Lincoln');
insert into dfm_stores values('Kupper Chev-Subaru');
insert into dfm_stores values('Okoboji GM Toyota');
insert into dfm_stores values('Peoria Volkswagen');
insert into dfm_stores values('Ressler Motors - Bozeman');
insert into dfm_stores values('Rhinelalnder Auto Center');
insert into dfm_stores values('Rydell Chev GF');
insert into dfm_stores values('Rydell Chevrolet CA');
insert into dfm_stores values('Rydell Honda Nissan');
insert into dfm_stores values('Team Auto Center');
insert into dfm_stores values('VW of Inver Grove');
insert into dfm_stores values('Waterloo');
insert into dfm_stores values('White Bear Mitsubishi');
insert into dfm_stores values('Luxury Auto Mall of Sloux Falls');
insert into dfm_stores values('Sioux Falls Ford');

insert into dfm_metrics values('eLead Contact %');
insert into dfm_metrics values('Appointments to Leads (Phone)');
insert into dfm_metrics values('Appointments to Leads (Internet)');
insert into dfm_metrics values('Appointment Show Rate (all)');
insert into dfm_metrics values('closing % on shown appointments (phone)');
insert into dfm_metrics values('closing % on shown appointments (Internet)');
insert into dfm_metrics values('Closing Ratio on Phone Leads');
insert into dfm_metrics values('Closing Ratio on Internet Leads');

insert into dfm_data values('Rydell Chev GF','eLead Contact %','Sep','2014',0.68,0);
insert into dfm_data values('Rydell Chev GF','Appointments to Leads (Phone)','Sep','2014',0.26,0);
insert into dfm_data values('Rydell Chev GF','Appointments to Leads (Internet)','Sep','2014',0.14,0);
insert into dfm_data values('Rydell Chev GF','Appointment Show Rate (all)','Sep','2014',0.67,0);
insert into dfm_data values('Rydell Chev GF','closing % on shown appointments (phone)','Sep','2014',0.65,0);
insert into dfm_data values('Rydell Chev GF','closing % on shown appointments (Internet)','Sep','2014',0.6,0);
insert into dfm_data values('Rydell Chev GF','Closing Ratio on Phone Leads','Sep','2014',0.35,0);
insert into dfm_data values('Rydell Chev GF','Closing Ratio on Internet Leads','Sep','2014',0.1,0);
insert into dfm_data values('Rydell Chev GF','eLead Contact %','Oct','2014',0.71,0);
insert into dfm_data values('Rydell Chev GF','Appointments to Leads (Phone)','Oct','2014',0.34,0);
insert into dfm_data values('Rydell Chev GF','Appointments to Leads (Internet)','Oct','2014',0.14,0);
insert into dfm_data values('Rydell Chev GF','Appointment Show Rate (all)','Oct','2014',0.62,0);
insert into dfm_data values('Rydell Chev GF','closing % on shown appointments (phone)','Oct','2014',0.66,0);
insert into dfm_data values('Rydell Chev GF','closing % on shown appointments (Internet)','Oct','2014',0.66,0);
insert into dfm_data values('Rydell Chev GF','Closing Ratio on Phone Leads','Oct','2014',0.33,0);
insert into dfm_data values('Rydell Chev GF','Closing Ratio on Internet Leads','Oct','2014',0.09,0);
insert into dfm_data values('Rydell Chev GF','eLead Contact %','Nov','2014',0.69,0);
insert into dfm_data values('Rydell Chev GF','Appointments to Leads (Phone)','Nov','2014',0.45,0);
insert into dfm_data values('Rydell Chev GF','Appointments to Leads (Internet)','Nov','2014',0.15,0);
insert into dfm_data values('Rydell Chev GF','Appointment Show Rate (all)','Nov','2014',0.7,0);
insert into dfm_data values('Rydell Chev GF','closing % on shown appointments (phone)','Nov','2014',0.69,0);
insert into dfm_data values('Rydell Chev GF','closing % on shown appointments (Internet)','Nov','2014',0.78,0);
insert into dfm_data values('Rydell Chev GF','Closing Ratio on Phone Leads','Nov','2014',0.46,0);
insert into dfm_data values('Rydell Chev GF','Closing Ratio on Internet Leads','Nov','2014',0.15,0);
insert into dfm_data values('Rydell Chev GF','eLead Contact %','Dec','2014',0.74,0);
insert into dfm_data values('Rydell Chev GF','Appointments to Leads (Phone)','Dec','2014',0.36,0);
insert into dfm_data values('Rydell Chev GF','Appointments to Leads (Internet)','Dec','2014',0.21,0);
insert into dfm_data values('Rydell Chev GF','Appointment Show Rate (all)','Dec','2014',0.69,0);
insert into dfm_data values('Rydell Chev GF','closing % on shown appointments (phone)','Dec','2014',0.7,0);
insert into dfm_data values('Rydell Chev GF','closing % on shown appointments (Internet)','Dec','2014',0.66,0);
insert into dfm_data values('Rydell Chev GF','Closing Ratio on Phone Leads','Dec','2014',0.38,0);
insert into dfm_data values('Rydell Chev GF','Closing Ratio on Internet Leads','Dec','2014',0.15,0);
insert into dfm_data values('Rydell Chev GF','eLead Contact %','Jan','2015',0.74,0);
insert into dfm_data values('Rydell Chev GF','Appointments to Leads (Phone)','Jan','2015',0.42,0);
insert into dfm_data values('Rydell Chev GF','Appointments to Leads (Internet)','Jan','2015',0.17,0);
insert into dfm_data values('Rydell Chev GF','Appointment Show Rate (all)','Jan','2015',0,0);
insert into dfm_data values('Rydell Chev GF','closing % on shown appointments (phone)','Jan','2015',0.6,0);
insert into dfm_data values('Rydell Chev GF','closing % on shown appointments (Internet)','Jan','2015',0.64,0);
insert into dfm_data values('Rydell Chev GF','Closing Ratio on Phone Leads','Jan','2015',0.36,0);
insert into dfm_data values('Rydell Chev GF','Closing Ratio on Internet Leads','Jan','2015',0.1,0);

insert into dfm_data values('Rydell Honda Nissan','eLead Contact %','Sep','2014',0.76,0);
insert into dfm_data values('Rydell Honda Nissan','Appointments to Leads (Phone)','Sep','2014',0.41,0);
insert into dfm_data values('Rydell Honda Nissan','Appointments to Leads (Internet)','Sep','2014',0.19,0);
insert into dfm_data values('Rydell Honda Nissan','Appointment Show Rate (all)','Sep','2014',0.76,0);
insert into dfm_data values('Rydell Honda Nissan','closing % on shown appointments (phone)','Sep','2014',0.39,0);
insert into dfm_data values('Rydell Honda Nissan','closing % on shown appointments (Internet)','Sep','2014',0.4,0);
insert into dfm_data values('Rydell Honda Nissan','Closing Ratio on Phone Leads','Sep','2014',0.24,0);
insert into dfm_data values('Rydell Honda Nissan','Closing Ratio on Internet Leads','Sep','2014',0.1,0);
insert into dfm_data values('Rydell Honda Nissan','eLead Contact %','Oct','2014',0.7,0);
insert into dfm_data values('Rydell Honda Nissan','Appointments to Leads (Phone)','Oct','2014',0.52,0);
insert into dfm_data values('Rydell Honda Nissan','Appointments to Leads (Internet)','Oct','2014',0.21,0);
insert into dfm_data values('Rydell Honda Nissan','Appointment Show Rate (all)','Oct','2014',0.77,0);
insert into dfm_data values('Rydell Honda Nissan','closing % on shown appointments (phone)','Oct','2014',0.44,0);
insert into dfm_data values('Rydell Honda Nissan','closing % on shown appointments (Internet)','Oct','2014',0.57,0);
insert into dfm_data values('Rydell Honda Nissan','Closing Ratio on Phone Leads','Oct','2014',0.38,0);
insert into dfm_data values('Rydell Honda Nissan','Closing Ratio on Internet Leads','Oct','2014',0.15,0);
insert into dfm_data values('Rydell Honda Nissan','eLead Contact %','Nov','2014',0.81,0);
insert into dfm_data values('Rydell Honda Nissan','Appointments to Leads (Phone)','Nov','2014',0.59,0);
insert into dfm_data values('Rydell Honda Nissan','Appointments to Leads (Internet)','Nov','2014',0.36,0);
insert into dfm_data values('Rydell Honda Nissan','Appointment Show Rate (all)','Nov','2014',0.73,0);
insert into dfm_data values('Rydell Honda Nissan','closing % on shown appointments (phone)','Nov','2014',0.49,0);
insert into dfm_data values('Rydell Honda Nissan','closing % on shown appointments (Internet)','Nov','2014',0.52,0);
insert into dfm_data values('Rydell Honda Nissan','Closing Ratio on Phone Leads','Nov','2014',0.34,0);
insert into dfm_data values('Rydell Honda Nissan','Closing Ratio on Internet Leads','Nov','2014',0.2,0);
insert into dfm_data values('Rydell Honda Nissan','eLead Contact %','Dec','2014',0.81,0);
insert into dfm_data values('Rydell Honda Nissan','Appointments to Leads (Phone)','Dec','2014',0.8,0);
insert into dfm_data values('Rydell Honda Nissan','Appointments to Leads (Internet)','Dec','2014',0.33,0);
insert into dfm_data values('Rydell Honda Nissan','Appointment Show Rate (all)','Dec','2014',0.81,0);
insert into dfm_data values('Rydell Honda Nissan','closing % on shown appointments (phone)','Dec','2014',0.4,0);
insert into dfm_data values('Rydell Honda Nissan','closing % on shown appointments (Internet)','Dec','2014',0.47,0);
insert into dfm_data values('Rydell Honda Nissan','Closing Ratio on Phone Leads','Dec','2014',0.36,0);
insert into dfm_data values('Rydell Honda Nissan','Closing Ratio on Internet Leads','Dec','2014',0.22,0);
insert into dfm_data values('Rydell Honda Nissan','eLead Contact %','Jan','2015',0.87,0);
insert into dfm_data values('Rydell Honda Nissan','Appointments to Leads (Phone)','Jan','2015',0.56,0);
insert into dfm_data values('Rydell Honda Nissan','Appointments to Leads (Internet)','Jan','2015',0.33,0);
insert into dfm_data values('Rydell Honda Nissan','Appointment Show Rate (all)','Jan','2015',0.69,0);
insert into dfm_data values('Rydell Honda Nissan','closing % on shown appointments (phone)','Jan','2015',0.37,0);
insert into dfm_data values('Rydell Honda Nissan','closing % on shown appointments (Internet)','Jan','2015',0.59,0);
insert into dfm_data values('Rydell Honda Nissan','Closing Ratio on Phone Leads','Jan','2015',0.25,0);
insert into dfm_data values('Rydell Honda Nissan','Closing Ratio on Internet Leads','Jan','2015',0.24,0);

insert into dfm_data values('Apple Valley','eLead Contact %','Sep','2014',0,0);
insert into dfm_data values('Apple Valley','Appointments to Leads (Phone)','Sep','2014',0.51,0);
insert into dfm_data values('Apple Valley','Appointments to Leads (Internet)','Sep','2014',0.25,0);
insert into dfm_data values('Apple Valley','Appointment Show Rate (all)','Sep','2014',0.74,0);
insert into dfm_data values('Apple Valley','closing % on shown appointments (phone)','Sep','2014',0.55,0);
insert into dfm_data values('Apple Valley','closing % on shown appointments (Internet)','Sep','2014',0.5,0);
insert into dfm_data values('Apple Valley','Closing Ratio on Phone Leads','Sep','2014',0.21,0);
insert into dfm_data values('Apple Valley','Closing Ratio on Internet Leads','Sep','2014',0.09,0);
insert into dfm_data values('Apple Valley','eLead Contact %','Oct','2014',0,0);
insert into dfm_data values('Apple Valley','Appointments to Leads (Phone)','Oct','2014',0.54,0);
insert into dfm_data values('Apple Valley','Appointments to Leads (Internet)','Oct','2014',0.257,0);
insert into dfm_data values('Apple Valley','Appointment Show Rate (all)','Oct','2014',0.76,0);
insert into dfm_data values('Apple Valley','closing % on shown appointments (phone)','Oct','2014',0.48,0);
insert into dfm_data values('Apple Valley','closing % on shown appointments (Internet)','Oct','2014',0.55,0);
insert into dfm_data values('Apple Valley','Closing Ratio on Phone Leads','Oct','2014',0.195,0);
insert into dfm_data values('Apple Valley','Closing Ratio on Internet Leads','Oct','2014',0.103,0);
insert into dfm_data values('Apple Valley','eLead Contact %','Nov','2014',0,0);
insert into dfm_data values('Apple Valley','Appointments to Leads (Phone)','Nov','2014',0.52,0);
insert into dfm_data values('Apple Valley','Appointments to Leads (Internet)','Nov','2014',0.28,0);
insert into dfm_data values('Apple Valley','Appointment Show Rate (all)','Nov','2014',0.75,0);
insert into dfm_data values('Apple Valley','closing % on shown appointments (phone)','Nov','2014',0.5,0);
insert into dfm_data values('Apple Valley','closing % on shown appointments (Internet)','Nov','2014',0.54,0);
insert into dfm_data values('Apple Valley','Closing Ratio on Phone Leads','Nov','2014',0.19,0);
insert into dfm_data values('Apple Valley','Closing Ratio on Internet Leads','Nov','2014',0.11,0);
insert into dfm_data values('Apple Valley','eLead Contact %','Dec','2014',0,0);
insert into dfm_data values('Apple Valley','Appointments to Leads (Phone)','Dec','2014',0.51,0);
insert into dfm_data values('Apple Valley','Appointments to Leads (Internet)','Dec','2014',0.262,0);
insert into dfm_data values('Apple Valley','Appointment Show Rate (all)','Dec','2014',0.74,0);
insert into dfm_data values('Apple Valley','closing % on shown appointments (phone)','Dec','2014',0.6,0);
insert into dfm_data values('Apple Valley','closing % on shown appointments (Internet)','Dec','2014',0.65,0);
insert into dfm_data values('Apple Valley','Closing Ratio on Phone Leads','Dec','2014',0.21,0);
insert into dfm_data values('Apple Valley','Closing Ratio on Internet Leads','Dec','2014',0.13,0);

insert into dfm_data values('Waterloo','eLead Contact %','Sep','2014',0,0);
insert into dfm_data values('Waterloo','Appointments to Leads (Phone)','Sep','2014',0.42,0);
insert into dfm_data values('Waterloo','Appointments to Leads (Internet)','Sep','2014',0.1,0);
insert into dfm_data values('Waterloo','Appointment Show Rate (all)','Sep','2014',0.7,0);
insert into dfm_data values('Waterloo','closing % on shown appointments (phone)','Sep','2014',0.55,0);
insert into dfm_data values('Waterloo','closing % on shown appointments (Internet)','Sep','2014',0.7,0);
insert into dfm_data values('Waterloo','Closing Ratio on Phone Leads','Sep','2014',0.18,0);
insert into dfm_data values('Waterloo','Closing Ratio on Internet Leads','Sep','2014',0.05,0);
insert into dfm_data values('Waterloo','eLead Contact %','Oct','2014',0,0);
insert into dfm_data values('Waterloo','Appointments to Leads (Phone)','Oct','2014',0.53,0);
insert into dfm_data values('Waterloo','Appointments to Leads (Internet)','Oct','2014',0.14,0);
insert into dfm_data values('Waterloo','Appointment Show Rate (all)','Oct','2014',0.72,0);
insert into dfm_data values('Waterloo','closing % on shown appointments (phone)','Oct','2014',0.54,0);
insert into dfm_data values('Waterloo','closing % on shown appointments (Internet)','Oct','2014',0.8,0);
insert into dfm_data values('Waterloo','Closing Ratio on Phone Leads','Oct','2014',0.25,0);
insert into dfm_data values('Waterloo','Closing Ratio on Internet Leads','Oct','2014',0.13,0);
insert into dfm_data values('Waterloo','eLead Contact %','Nov','2014',0.41,0);
insert into dfm_data values('Waterloo','Appointments to Leads (Phone)','Nov','2014',0.42,0);
insert into dfm_data values('Waterloo','Appointments to Leads (Internet)','Nov','2014',0.12,0);
insert into dfm_data values('Waterloo','Appointment Show Rate (all)','Nov','2014',0.67,0);
insert into dfm_data values('Waterloo','closing % on shown appointments (phone)','Nov','2014',0.61,0);
insert into dfm_data values('Waterloo','closing % on shown appointments (Internet)','Nov','2014',0.47,0);
insert into dfm_data values('Waterloo','Closing Ratio on Phone Leads','Nov','2014',0.23,0);
insert into dfm_data values('Waterloo','Closing Ratio on Internet Leads','Nov','2014',0.05,0);
insert into dfm_data values('Waterloo','eLead Contact %','Dec','2014',0.73,0);
insert into dfm_data values('Waterloo','Appointments to Leads (Phone)','Dec','2014',0.42,0);
insert into dfm_data values('Waterloo','Appointments to Leads (Internet)','Dec','2014',0.25,0);
insert into dfm_data values('Waterloo','Appointment Show Rate (all)','Dec','2014',0.74,0);
insert into dfm_data values('Waterloo','closing % on shown appointments (phone)','Dec','2014',0.48,0);
insert into dfm_data values('Waterloo','closing % on shown appointments (Internet)','Dec','2014',0.53,0);
insert into dfm_data values('Waterloo','Closing Ratio on Phone Leads','Dec','2014',0.19,0);
insert into dfm_data values('Waterloo','Closing Ratio on Internet Leads','Dec','2014',0.12,0);

insert into dfm_data values('Kupper Chev-Subaru','eLead Contact %','Sep','2014',0.78,0);
insert into dfm_data values('Kupper Chev-Subaru','Appointments to Leads (Phone)','Sep','2014',0.18,0);
insert into dfm_data values('Kupper Chev-Subaru','Appointments to Leads (Internet)','Sep','2014',0.12,0);
insert into dfm_data values('Kupper Chev-Subaru','Appointment Show Rate (all)','Sep','2014',0.78,0);
insert into dfm_data values('Kupper Chev-Subaru','closing % on shown appointments (phone)','Sep','2014',0.78,0);
insert into dfm_data values('Kupper Chev-Subaru','closing % on shown appointments (Internet)','Sep','2014',0.86,0);
insert into dfm_data values('Kupper Chev-Subaru','Closing Ratio on Phone Leads','Sep','2014',0.31,0);
insert into dfm_data values('Kupper Chev-Subaru','Closing Ratio on Internet Leads','Sep','2014',0.11,0);
insert into dfm_data values('Kupper Chev-Subaru','eLead Contact %','Oct','2014',0.74,0);
insert into dfm_data values('Kupper Chev-Subaru','Appointments to Leads (Phone)','Oct','2014',0.14,0);
insert into dfm_data values('Kupper Chev-Subaru','Appointments to Leads (Internet)','Oct','2014',0.14,0);
insert into dfm_data values('Kupper Chev-Subaru','Appointment Show Rate (all)','Oct','2014',0.69,0);
insert into dfm_data values('Kupper Chev-Subaru','closing % on shown appointments (phone)','Oct','2014',0.7,0);
insert into dfm_data values('Kupper Chev-Subaru','closing % on shown appointments (Internet)','Oct','2014',0.69,0);
insert into dfm_data values('Kupper Chev-Subaru','Closing Ratio on Phone Leads','Oct','2014',0.34,0);
insert into dfm_data values('Kupper Chev-Subaru','Closing Ratio on Internet Leads','Oct','2014',0.11,0);
insert into dfm_data values('Kupper Chev-Subaru','eLead Contact %','Nov','2014',0.65,0);
insert into dfm_data values('Kupper Chev-Subaru','Appointments to Leads (Phone)','Nov','2014',0.14,0);
insert into dfm_data values('Kupper Chev-Subaru','Appointments to Leads (Internet)','Nov','2014',0.09,0);
insert into dfm_data values('Kupper Chev-Subaru','Appointment Show Rate (all)','Nov','2014',0.6,0);
insert into dfm_data values('Kupper Chev-Subaru','closing % on shown appointments (phone)','Nov','2014',0.75,0);
insert into dfm_data values('Kupper Chev-Subaru','closing % on shown appointments (Internet)','Nov','2014',0.74,0);
insert into dfm_data values('Kupper Chev-Subaru','Closing Ratio on Phone Leads','Nov','2014',0.19,0);
insert into dfm_data values('Kupper Chev-Subaru','Closing Ratio on Internet Leads','Nov','2014',0.06,0);
insert into dfm_data values('Kupper Chev-Subaru','eLead Contact %','Dec','2014',0.71,0);
insert into dfm_data values('Kupper Chev-Subaru','Appointments to Leads (Phone)','Dec','2014',0.16,0);
insert into dfm_data values('Kupper Chev-Subaru','Appointments to Leads (Internet)','Dec','2014',0.13,0);
insert into dfm_data values('Kupper Chev-Subaru','Appointment Show Rate (all)','Dec','2014',0.73,0);
insert into dfm_data values('Kupper Chev-Subaru','closing % on shown appointments (phone)','Dec','2014',0.66,0);
insert into dfm_data values('Kupper Chev-Subaru','closing % on shown appointments (Internet)','Dec','2014',0.73,0);
insert into dfm_data values('Kupper Chev-Subaru','Closing Ratio on Phone Leads','Dec','2014',0.37,0);
insert into dfm_data values('Kupper Chev-Subaru','Closing Ratio on Internet Leads','Dec','2014',0.1,0);

insert into dfm_data values('Hastings Ford Lincoln','eLead Contact %','Sep','2014',0.77,0);
insert into dfm_data values('Hastings Ford Lincoln','Appointments to Leads (Phone)','Sep','2014',0,0);
insert into dfm_data values('Hastings Ford Lincoln','Appointments to Leads (Internet)','Sep','2014',0.2,0);
insert into dfm_data values('Hastings Ford Lincoln','Appointment Show Rate (all)','Sep','2014',0.78,0);
insert into dfm_data values('Hastings Ford Lincoln','closing % on shown appointments (phone)','Sep','2014',0,0);
insert into dfm_data values('Hastings Ford Lincoln','closing % on shown appointments (Internet)','Sep','2014',0.64,0);
insert into dfm_data values('Hastings Ford Lincoln','Closing Ratio on Phone Leads','Sep','2014',0,0);
insert into dfm_data values('Hastings Ford Lincoln','Closing Ratio on Internet Leads','Sep','2014',0.097,0);
insert into dfm_data values('Hastings Ford Lincoln','eLead Contact %','Oct','2014',0.8,0);
insert into dfm_data values('Hastings Ford Lincoln','Appointments to Leads (Phone)','Oct','2014',0,0);
insert into dfm_data values('Hastings Ford Lincoln','Appointments to Leads (Internet)','Oct','2014',0.23,0);
insert into dfm_data values('Hastings Ford Lincoln','Appointment Show Rate (all)','Oct','2014',0.95,0);
insert into dfm_data values('Hastings Ford Lincoln','closing % on shown appointments (phone)','Oct','2014',0,0);
insert into dfm_data values('Hastings Ford Lincoln','closing % on shown appointments (Internet)','Oct','2014',0.55,0);
insert into dfm_data values('Hastings Ford Lincoln','Closing Ratio on Phone Leads','Oct','2014',0,0);
insert into dfm_data values('Hastings Ford Lincoln','Closing Ratio on Internet Leads','Oct','2014',0.12,0);
insert into dfm_data values('Hastings Ford Lincoln','eLead Contact %','Nov','2014',0.81,0);
insert into dfm_data values('Hastings Ford Lincoln','Appointments to Leads (Phone)','Nov','2014',0,0);
insert into dfm_data values('Hastings Ford Lincoln','Appointments to Leads (Internet)','Nov','2014',0.206,0);
insert into dfm_data values('Hastings Ford Lincoln','Appointment Show Rate (all)','Nov','2014',0.825,0);
insert into dfm_data values('Hastings Ford Lincoln','closing % on shown appointments (phone)','Nov','2014',0,0);
insert into dfm_data values('Hastings Ford Lincoln','closing % on shown appointments (Internet)','Nov','2014',0.5757,0);
insert into dfm_data values('Hastings Ford Lincoln','Closing Ratio on Phone Leads','Nov','2014',0,0);
insert into dfm_data values('Hastings Ford Lincoln','Closing Ratio on Internet Leads','Nov','2014',0.0979,0);

insert into dfm_data values('Ressler Motors - Bozeman','eLead Contact %','Sep','2014',0,0);
insert into dfm_data values('Ressler Motors - Bozeman','Appointments to Leads (Phone)','Sep','2014',0.64,0);
insert into dfm_data values('Ressler Motors - Bozeman','Appointments to Leads (Internet)','Sep','2014',0,0);
insert into dfm_data values('Ressler Motors - Bozeman','Appointment Show Rate (all)','Sep','2014',0.68,0);
insert into dfm_data values('Ressler Motors - Bozeman','closing % on shown appointments (phone)','Sep','2014',0.68,0);
insert into dfm_data values('Ressler Motors - Bozeman','closing % on shown appointments (Internet)','Sep','2014',0,0);
insert into dfm_data values('Ressler Motors - Bozeman','Closing Ratio on Phone Leads','Sep','2014',0.29,0);
insert into dfm_data values('Ressler Motors - Bozeman','Closing Ratio on Internet Leads','Sep','2014',0.21,0);
insert into dfm_data values('Ressler Motors - Bozeman','eLead Contact %','Oct','2014',0,0);
insert into dfm_data values('Ressler Motors - Bozeman','Appointments to Leads (Phone)','Oct','2014',0.63,0);
insert into dfm_data values('Ressler Motors - Bozeman','Appointments to Leads (Internet)','Oct','2014',0,0);
insert into dfm_data values('Ressler Motors - Bozeman','Appointment Show Rate (all)','Oct','2014',0.59,0);
insert into dfm_data values('Ressler Motors - Bozeman','closing % on shown appointments (phone)','Oct','2014',0.67,0);
insert into dfm_data values('Ressler Motors - Bozeman','closing % on shown appointments (Internet)','Oct','2014',0,0);
insert into dfm_data values('Ressler Motors - Bozeman','Closing Ratio on Phone Leads','Oct','2014',0.25,0);
insert into dfm_data values('Ressler Motors - Bozeman','Closing Ratio on Internet Leads','Oct','2014',0.23,0);
insert into dfm_data values('Ressler Motors - Bozeman','eLead Contact %','Nov','2014',0,0);
insert into dfm_data values('Ressler Motors - Bozeman','Appointments to Leads (Phone)','Nov','2014',0.52,0);
insert into dfm_data values('Ressler Motors - Bozeman','Appointments to Leads (Internet)','Nov','2014',0,0);
insert into dfm_data values('Ressler Motors - Bozeman','Appointment Show Rate (all)','Nov','2014',0.9,0);
insert into dfm_data values('Ressler Motors - Bozeman','closing % on shown appointments (phone)','Nov','2014',0.66,0);
insert into dfm_data values('Ressler Motors - Bozeman','closing % on shown appointments (Internet)','Nov','2014',0,0);
insert into dfm_data values('Ressler Motors - Bozeman','Closing Ratio on Phone Leads','Nov','2014',0.31,0);
insert into dfm_data values('Ressler Motors - Bozeman','Closing Ratio on Internet Leads','Nov','2014',0.17,0);
insert into dfm_data values('Ressler Motors - Bozeman','eLead Contact %','Dec','2014',0,0);
insert into dfm_data values('Ressler Motors - Bozeman','Appointments to Leads (Phone)','Dec','2014',0.61,0);
insert into dfm_data values('Ressler Motors - Bozeman','Appointments to Leads (Internet)','Dec','2014',0,0);
insert into dfm_data values('Ressler Motors - Bozeman','Appointment Show Rate (all)','Dec','2014',0.82,0);
insert into dfm_data values('Ressler Motors - Bozeman','closing % on shown appointments (phone)','Dec','2014',0.65,0);
insert into dfm_data values('Ressler Motors - Bozeman','closing % on shown appointments (Internet)','Dec','2014',0,0);
insert into dfm_data values('Ressler Motors - Bozeman','Closing Ratio on Phone Leads','Dec','2014',0.33,0);
insert into dfm_data values('Ressler Motors - Bozeman','Closing Ratio on Internet Leads','Dec','2014',0.23,0);

insert into dfm_data values('Okoboji GM Toyota','eLead Contact %','Sep','2014',0.47,0);
insert into dfm_data values('Okoboji GM Toyota','Appointments to Leads (Phone)','Sep','2014',0.38,0);
insert into dfm_data values('Okoboji GM Toyota','Appointments to Leads (Internet)','Sep','2014',0.15,0);
insert into dfm_data values('Okoboji GM Toyota','Appointment Show Rate (all)','Sep','2014',0,0);
insert into dfm_data values('Okoboji GM Toyota','closing % on shown appointments (phone)','Sep','2014',0.67,0);
insert into dfm_data values('Okoboji GM Toyota','closing % on shown appointments (Internet)','Sep','2014',0.68,0);
insert into dfm_data values('Okoboji GM Toyota','Closing Ratio on Phone Leads','Sep','2014',0.25,0);
insert into dfm_data values('Okoboji GM Toyota','Closing Ratio on Internet Leads','Sep','2014',0.1,0);
insert into dfm_data values('Okoboji GM Toyota','eLead Contact %','Oct','2014',0.41,0);
insert into dfm_data values('Okoboji GM Toyota','Appointments to Leads (Phone)','Oct','2014',0.26,0);
insert into dfm_data values('Okoboji GM Toyota','Appointments to Leads (Internet)','Oct','2014',0.16,0);
insert into dfm_data values('Okoboji GM Toyota','Appointment Show Rate (all)','Oct','2014',0,0);
insert into dfm_data values('Okoboji GM Toyota','closing % on shown appointments (phone)','Oct','2014',0.67,0);
insert into dfm_data values('Okoboji GM Toyota','closing % on shown appointments (Internet)','Oct','2014',0.67,0);
insert into dfm_data values('Okoboji GM Toyota','Closing Ratio on Phone Leads','Oct','2014',0.18,0);
insert into dfm_data values('Okoboji GM Toyota','Closing Ratio on Internet Leads','Oct','2014',0.1,0);
insert into dfm_data values('Okoboji GM Toyota','eLead Contact %','Nov','2014',0.43,0);
insert into dfm_data values('Okoboji GM Toyota','Appointments to Leads (Phone)','Nov','2014',0.39,0);
insert into dfm_data values('Okoboji GM Toyota','Appointments to Leads (Internet)','Nov','2014',0.13,0);
insert into dfm_data values('Okoboji GM Toyota','Appointment Show Rate (all)','Nov','2014',0,0);
insert into dfm_data values('Okoboji GM Toyota','closing % on shown appointments (phone)','Nov','2014',0.63,0);
insert into dfm_data values('Okoboji GM Toyota','closing % on shown appointments (Internet)','Nov','2014',0.55,0);
insert into dfm_data values('Okoboji GM Toyota','Closing Ratio on Phone Leads','Nov','2014',0.24,0);
insert into dfm_data values('Okoboji GM Toyota','Closing Ratio on Internet Leads','Nov','2014',0.07,0);
insert into dfm_data values('Okoboji GM Toyota','eLead Contact %','Dec','2014',0.34,0);
insert into dfm_data values('Okoboji GM Toyota','Appointments to Leads (Phone)','Dec','2014',0.41,0);
insert into dfm_data values('Okoboji GM Toyota','Appointments to Leads (Internet)','Dec','2014',0.11,0);
insert into dfm_data values('Okoboji GM Toyota','Appointment Show Rate (all)','Dec','2014',0,0);
insert into dfm_data values('Okoboji GM Toyota','closing % on shown appointments (phone)','Dec','2014',0.6,0);
insert into dfm_data values('Okoboji GM Toyota','closing % on shown appointments (Internet)','Dec','2014',0.61,0);
insert into dfm_data values('Okoboji GM Toyota','Closing Ratio on Phone Leads','Dec','2014',0.24,0);
insert into dfm_data values('Okoboji GM Toyota','Closing Ratio on Internet Leads','Dec','2014',0.07,0);

insert into dfm_data values('Peoria Volkswagen','eLead Contact %','Sep','2014',0,0);
insert into dfm_data values('Peoria Volkswagen','Appointments to Leads (Phone)','Sep','2014',0.57,0);
insert into dfm_data values('Peoria Volkswagen','Appointments to Leads (Internet)','Sep','2014',0.18,0);
insert into dfm_data values('Peoria Volkswagen','Appointment Show Rate (all)','Sep','2014',0.81,0);
insert into dfm_data values('Peoria Volkswagen','closing % on shown appointments (phone)','Sep','2014',0.46,0);
insert into dfm_data values('Peoria Volkswagen','closing % on shown appointments (Internet)','Sep','2014',0.43,0);
insert into dfm_data values('Peoria Volkswagen','Closing Ratio on Phone Leads','Sep','2014',0.29,0);
insert into dfm_data values('Peoria Volkswagen','Closing Ratio on Internet Leads','Sep','2014',0.12,0);
insert into dfm_data values('Peoria Volkswagen','eLead Contact %','Oct','2014',0,0);
insert into dfm_data values('Peoria Volkswagen','Appointments to Leads (Phone)','Oct','2014',0.56,0);
insert into dfm_data values('Peoria Volkswagen','Appointments to Leads (Internet)','Oct','2014',0.22,0);
insert into dfm_data values('Peoria Volkswagen','Appointment Show Rate (all)','Oct','2014',0.76,0);
insert into dfm_data values('Peoria Volkswagen','closing % on shown appointments (phone)','Oct','2014',0.38,0);
insert into dfm_data values('Peoria Volkswagen','closing % on shown appointments (Internet)','Oct','2014',0.39,0);
insert into dfm_data values('Peoria Volkswagen','Closing Ratio on Phone Leads','Oct','2014',0.25,0);
insert into dfm_data values('Peoria Volkswagen','Closing Ratio on Internet Leads','Oct','2014',0.11,0);
insert into dfm_data values('Peoria Volkswagen','eLead Contact %','Nov','2014',0.76,0);
insert into dfm_data values('Peoria Volkswagen','Appointments to Leads (Phone)','Nov','2014',0.51,0);
insert into dfm_data values('Peoria Volkswagen','Appointments to Leads (Internet)','Nov','2014',0.21,0);
insert into dfm_data values('Peoria Volkswagen','Appointment Show Rate (all)','Nov','2014',0.79,0);
insert into dfm_data values('Peoria Volkswagen','closing % on shown appointments (phone)','Nov','2014',0.34,0);
insert into dfm_data values('Peoria Volkswagen','closing % on shown appointments (Internet)','Nov','2014',0.4,0);
insert into dfm_data values('Peoria Volkswagen','Closing Ratio on Phone Leads','Nov','2014',0.23,0);
insert into dfm_data values('Peoria Volkswagen','Closing Ratio on Internet Leads','Nov','2014',0.13,0);

insert into dfm_data values('Alexandria Motors','eLead Contact %','Sep','2014',0,0);
insert into dfm_data values('Alexandria Motors','Appointments to Leads (Phone)','Sep','2014',0.365,0);
insert into dfm_data values('Alexandria Motors','Appointments to Leads (Internet)','Sep','2014',0.146,0);
insert into dfm_data values('Alexandria Motors','Appointment Show Rate (all)','Sep','2014',0.804,0);
insert into dfm_data values('Alexandria Motors','closing % on shown appointments (phone)','Sep','2014',0.581,0);
insert into dfm_data values('Alexandria Motors','closing % on shown appointments (Internet)','Sep','2014',0,0);
insert into dfm_data values('Alexandria Motors','Closing Ratio on Phone Leads','Sep','2014',0.286,0);
insert into dfm_data values('Alexandria Motors','Closing Ratio on Internet Leads','Sep','2014',0.122,0);
insert into dfm_data values('Alexandria Motors','eLead Contact %','Oct','2014',0,0);
insert into dfm_data values('Alexandria Motors','Appointments to Leads (Phone)','Oct','2014',0.222,0);
insert into dfm_data values('Alexandria Motors','Appointments to Leads (Internet)','Oct','2014',0.141,0);
insert into dfm_data values('Alexandria Motors','Appointment Show Rate (all)','Oct','2014',0.827,0);
insert into dfm_data values('Alexandria Motors','closing % on shown appointments (phone)','Oct','2014',0.6567,0);
insert into dfm_data values('Alexandria Motors','closing % on shown appointments (Internet)','Oct','2014',0,0);
insert into dfm_data values('Alexandria Motors','Closing Ratio on Phone Leads','Oct','2014',0.241,0);
insert into dfm_data values('Alexandria Motors','Closing Ratio on Internet Leads','Oct','2014',0.154,0);
insert into dfm_data values('Alexandria Motors','eLead Contact %','Nov','2014',0,0);
insert into dfm_data values('Alexandria Motors','Appointments to Leads (Phone)','Nov','2014',0.349,0);
insert into dfm_data values('Alexandria Motors','Appointments to Leads (Internet)','Nov','2014',0.15,0);
insert into dfm_data values('Alexandria Motors','Appointment Show Rate (all)','Nov','2014',0.8889,0);
insert into dfm_data values('Alexandria Motors','closing % on shown appointments (phone)','Nov','2014',0.4063,0);
insert into dfm_data values('Alexandria Motors','closing % on shown appointments (Internet)','Nov','2014',0,0);
insert into dfm_data values('Alexandria Motors','Closing Ratio on Phone Leads','Nov','2014',0.233,0);
insert into dfm_data values('Alexandria Motors','Closing Ratio on Internet Leads','Nov','2014',0.1,0);

insert into dfm_data values('VW of Inver Grove','eLead Contact %','Sep','2014',0.87,0);
insert into dfm_data values('VW of Inver Grove','Appointments to Leads (Phone)','Sep','2014',0.77,0);
insert into dfm_data values('VW of Inver Grove','Appointments to Leads (Internet)','Sep','2014',0.41,0);
insert into dfm_data values('VW of Inver Grove','Appointment Show Rate (all)','Sep','2014',0.7,0);
insert into dfm_data values('VW of Inver Grove','closing % on shown appointments (phone)','Sep','2014',0.42,0);
insert into dfm_data values('VW of Inver Grove','closing % on shown appointments (Internet)','Sep','2014',0.65,0);
insert into dfm_data values('VW of Inver Grove','Closing Ratio on Phone Leads','Sep','2014',0.17,0);
insert into dfm_data values('VW of Inver Grove','Closing Ratio on Internet Leads','Sep','2014',0.28,0);
insert into dfm_data values('VW of Inver Grove','eLead Contact %','Oct','2014',0.92,0);
insert into dfm_data values('VW of Inver Grove','Appointments to Leads (Phone)','Oct','2014',0.79,0);
insert into dfm_data values('VW of Inver Grove','Appointments to Leads (Internet)','Oct','2014',0.47,0);
insert into dfm_data values('VW of Inver Grove','Appointment Show Rate (all)','Oct','2014',0.67,0);
insert into dfm_data values('VW of Inver Grove','closing % on shown appointments (phone)','Oct','2014',0.42,0);
insert into dfm_data values('VW of Inver Grove','closing % on shown appointments (Internet)','Oct','2014',0.6,0);
insert into dfm_data values('VW of Inver Grove','Closing Ratio on Phone Leads','Oct','2014',0.26,0);
insert into dfm_data values('VW of Inver Grove','Closing Ratio on Internet Leads','Oct','2014',0.18,0);
insert into dfm_data values('VW of Inver Grove','eLead Contact %','Nov','2014',0.83,0);
insert into dfm_data values('VW of Inver Grove','Appointments to Leads (Phone)','Nov','2014',0.79,0);
insert into dfm_data values('VW of Inver Grove','Appointments to Leads (Internet)','Nov','2014',0.51,0);
insert into dfm_data values('VW of Inver Grove','Appointment Show Rate (all)','Nov','2014',0.58,0);
insert into dfm_data values('VW of Inver Grove','closing % on shown appointments (phone)','Nov','2014',0.5,0);
insert into dfm_data values('VW of Inver Grove','closing % on shown appointments (Internet)','Nov','2014',0.47,0);
insert into dfm_data values('VW of Inver Grove','Closing Ratio on Phone Leads','Nov','2014',0.28,0);
insert into dfm_data values('VW of Inver Grove','Closing Ratio on Internet Leads','Nov','2014',0.14,0);
insert into dfm_data values('VW of Inver Grove','eLead Contact %','Dec','2014',0.82,0);
insert into dfm_data values('VW of Inver Grove','Appointments to Leads (Phone)','Dec','2014',0.82,0);
insert into dfm_data values('VW of Inver Grove','Appointments to Leads (Internet)','Dec','2014',0.44,0);
insert into dfm_data values('VW of Inver Grove','Appointment Show Rate (all)','Dec','2014',0.64,0);
insert into dfm_data values('VW of Inver Grove','closing % on shown appointments (phone)','Dec','2014',0.43,0);
insert into dfm_data values('VW of Inver Grove','closing % on shown appointments (Internet)','Dec','2014',0.4,0);
insert into dfm_data values('VW of Inver Grove','Closing Ratio on Phone Leads','Dec','2014',0.32,0);
insert into dfm_data values('VW of Inver Grove','Closing Ratio on Internet Leads','Dec','2014',0.1,0);
insert into dfm_data values('Durango Motor Co','eLead Contact %','Sep','2014',0.751,0);
insert into dfm_data values('Durango Motor Co','Appointments to Leads (Phone)','Sep','2014',0.531,0);
insert into dfm_data values('Durango Motor Co','Appointments to Leads (Internet)','Sep','2014',0.415,0);
insert into dfm_data values('Durango Motor Co','Appointment Show Rate (all)','Sep','2014',0.676,0);
insert into dfm_data values('Durango Motor Co','closing % on shown appointments (phone)','Sep','2014',0.68,0);
insert into dfm_data values('Durango Motor Co','closing % on shown appointments (Internet)','Sep','2014',0.66,0);
insert into dfm_data values('Durango Motor Co','Closing Ratio on Phone Leads','Sep','2014',0.21,0);
insert into dfm_data values('Durango Motor Co','Closing Ratio on Internet Leads','Sep','2014',0.14,0);
insert into dfm_data values('Durango Motor Co','eLead Contact %','Oct','2014',0.67,0);
insert into dfm_data values('Durango Motor Co','Appointments to Leads (Phone)','Oct','2014',0.84,0);
insert into dfm_data values('Durango Motor Co','Appointments to Leads (Internet)','Oct','2014',0.33,0);
insert into dfm_data values('Durango Motor Co','Appointment Show Rate (all)','Oct','2014',0.34,0);
insert into dfm_data values('Durango Motor Co','closing % on shown appointments (phone)','Oct','2014',0.47,0);
insert into dfm_data values('Durango Motor Co','closing % on shown appointments (Internet)','Oct','2014',0.53,0);
insert into dfm_data values('Durango Motor Co','Closing Ratio on Phone Leads','Oct','2014',0.37,0);
insert into dfm_data values('Durango Motor Co','Closing Ratio on Internet Leads','Oct','2014',0.13,0);
insert into dfm_data values('Durango Motor Co','eLead Contact %','Nov','2014',0.69,0);
insert into dfm_data values('Durango Motor Co','Appointments to Leads (Phone)','Nov','2014',0.67,0);
insert into dfm_data values('Durango Motor Co','Appointments to Leads (Internet)','Nov','2014',0.28,0);
insert into dfm_data values('Durango Motor Co','Appointment Show Rate (all)','Nov','2014',0.79,0);
insert into dfm_data values('Durango Motor Co','closing % on shown appointments (phone)','Nov','2014',0.57,0);
insert into dfm_data values('Durango Motor Co','closing % on shown appointments (Internet)','Nov','2014',0.63,0);
insert into dfm_data values('Durango Motor Co','Closing Ratio on Phone Leads','Nov','2014',0.35,0);
insert into dfm_data values('Durango Motor Co','Closing Ratio on Internet Leads','Nov','2014',0.125,0);

insert into dfm_data values('Gilleland Chevrolet','eLead Contact %','Sep','2014',0,0);
insert into dfm_data values('Gilleland Chevrolet','Appointments to Leads (Phone)','Sep','2014',0.45,0);
insert into dfm_data values('Gilleland Chevrolet','Appointments to Leads (Internet)','Sep','2014',0.13,0);
insert into dfm_data values('Gilleland Chevrolet','Appointment Show Rate (all)','Sep','2014',0.87,0);
insert into dfm_data values('Gilleland Chevrolet','closing % on shown appointments (phone)','Sep','2014',0.43,0);
insert into dfm_data values('Gilleland Chevrolet','closing % on shown appointments (Internet)','Sep','2014',0.68,0);
insert into dfm_data values('Gilleland Chevrolet','Closing Ratio on Phone Leads','Sep','2014',0.17,0);
insert into dfm_data values('Gilleland Chevrolet','Closing Ratio on Internet Leads','Sep','2014',0.08,0);
insert into dfm_data values('Gilleland Chevrolet','eLead Contact %','Oct','2014',0,0);
insert into dfm_data values('Gilleland Chevrolet','Appointments to Leads (Phone)','Oct','2014',0.38,0);
insert into dfm_data values('Gilleland Chevrolet','Appointments to Leads (Internet)','Oct','2014',0.17,0);
insert into dfm_data values('Gilleland Chevrolet','Appointment Show Rate (all)','Oct','2014',0.82,0);
insert into dfm_data values('Gilleland Chevrolet','closing % on shown appointments (phone)','Oct','2014',0.58,0);
insert into dfm_data values('Gilleland Chevrolet','closing % on shown appointments (Internet)','Oct','2014',0.52,0);
insert into dfm_data values('Gilleland Chevrolet','Closing Ratio on Phone Leads','Oct','2014',0.18,0);
insert into dfm_data values('Gilleland Chevrolet','Closing Ratio on Internet Leads','Oct','2014',0.08,0);
insert into dfm_data values('Gilleland Chevrolet','eLead Contact %','Nov','2014',0,0);
insert into dfm_data values('Gilleland Chevrolet','Appointments to Leads (Phone)','Nov','2014',0.3,0);
insert into dfm_data values('Gilleland Chevrolet','Appointments to Leads (Internet)','Nov','2014',0.25,0);
insert into dfm_data values('Gilleland Chevrolet','Appointment Show Rate (all)','Nov','2014',0.74,0);
insert into dfm_data values('Gilleland Chevrolet','closing % on shown appointments (phone)','Nov','2014',0.54,0);
insert into dfm_data values('Gilleland Chevrolet','closing % on shown appointments (Internet)','Nov','2014',0.43,0);
insert into dfm_data values('Gilleland Chevrolet','Closing Ratio on Phone Leads','Nov','2014',0.12,0);
insert into dfm_data values('Gilleland Chevrolet','Closing Ratio on Internet Leads','Nov','2014',0.08,0);
insert into dfm_data values('Gilleland Chevrolet','eLead Contact %','Dec','2014',0,0);
insert into dfm_data values('Gilleland Chevrolet','Appointments to Leads (Phone)','Dec','2014',0.35,0);
insert into dfm_data values('Gilleland Chevrolet','Appointments to Leads (Internet)','Dec','2014',0.17,0);
insert into dfm_data values('Gilleland Chevrolet','Appointment Show Rate (all)','Dec','2014',0.83,0);
insert into dfm_data values('Gilleland Chevrolet','closing % on shown appointments (phone)','Dec','2014',0.62,0);
insert into dfm_data values('Gilleland Chevrolet','closing % on shown appointments (Internet)','Dec','2014',0.83,0);
insert into dfm_data values('Gilleland Chevrolet','Closing Ratio on Phone Leads','Dec','2014',0.18,0);
insert into dfm_data values('Gilleland Chevrolet','Closing Ratio on Internet Leads','Dec','2014',0.12,0);

insert into dfm_data values('Team Auto Center','eLead Contact %','Sep','2014',0,0);
insert into dfm_data values('Team Auto Center','Appointments to Leads (Phone)','Sep','2014',0.38,0);
insert into dfm_data values('Team Auto Center','Appointments to Leads (Internet)','Sep','2014',0.18,0);
insert into dfm_data values('Team Auto Center','Appointment Show Rate (all)','Sep','2014',0.81,0);
insert into dfm_data values('Team Auto Center','closing % on shown appointments (phone)','Sep','2014',0.66,0);
insert into dfm_data values('Team Auto Center','closing % on shown appointments (Internet)','Sep','2014',0.64,0);
insert into dfm_data values('Team Auto Center','Closing Ratio on Phone Leads','Sep','2014',0.21,0);
insert into dfm_data values('Team Auto Center','Closing Ratio on Internet Leads','Sep','2014',0.12,0);
insert into dfm_data values('Team Auto Center','eLead Contact %','Oct','2014',0,0);
insert into dfm_data values('Team Auto Center','Appointments to Leads (Phone)','Oct','2014',0.41,0);
insert into dfm_data values('Team Auto Center','Appointments to Leads (Internet)','Oct','2014',0.26,0);
insert into dfm_data values('Team Auto Center','Appointment Show Rate (all)','Oct','2014',0.82,0);
insert into dfm_data values('Team Auto Center','closing % on shown appointments (phone)','Oct','2014',0.68,0);
insert into dfm_data values('Team Auto Center','closing % on shown appointments (Internet)','Oct','2014',0.67,0);
insert into dfm_data values('Team Auto Center','Closing Ratio on Phone Leads','Oct','2014',0.26,0);
insert into dfm_data values('Team Auto Center','Closing Ratio on Internet Leads','Oct','2014',0.17,0);
insert into dfm_data values('Team Auto Center','eLead Contact %','Nov','2014',0,0);
insert into dfm_data values('Team Auto Center','Appointments to Leads (Phone)','Nov','2014',0.4,0);
insert into dfm_data values('Team Auto Center','Appointments to Leads (Internet)','Nov','2014',0.24,0);
insert into dfm_data values('Team Auto Center','Appointment Show Rate (all)','Nov','2014',0.88,0);
insert into dfm_data values('Team Auto Center','closing % on shown appointments (phone)','Nov','2014',0.8,0);
insert into dfm_data values('Team Auto Center','closing % on shown appointments (Internet)','Nov','2014',0.71,0);
insert into dfm_data values('Team Auto Center','Closing Ratio on Phone Leads','Nov','2014',0.29,0);
insert into dfm_data values('Team Auto Center','Closing Ratio on Internet Leads','Nov','2014',0.18,0);
insert into dfm_data values('Team Auto Center','eLead Contact %','Dec','2014',0,0);
insert into dfm_data values('Team Auto Center','Appointments to Leads (Phone)','Dec','2014',0.41,0);
insert into dfm_data values('Team Auto Center','Appointments to Leads (Internet)','Dec','2014',0.23,0);
insert into dfm_data values('Team Auto Center','Appointment Show Rate (all)','Dec','2014',0.89,0);
insert into dfm_data values('Team Auto Center','closing % on shown appointments (phone)','Dec','2014',0.71,0);
insert into dfm_data values('Team Auto Center','closing % on shown appointments (Internet)','Dec','2014',0.68,0);
insert into dfm_data values('Team Auto Center','Closing Ratio on Phone Leads','Dec','2014',0.27,0);
insert into dfm_data values('Team Auto Center','Closing Ratio on Internet Leads','Dec','2014',0.21,0);
insert into dfm_data values('Team Auto Center','eLead Contact %','Jan','2015',0.5,0);
insert into dfm_data values('Team Auto Center','Appointments to Leads (Phone)','Jan','2015',0.44,0);
insert into dfm_data values('Team Auto Center','Appointments to Leads (Internet)','Jan','2015',0.39,0);
insert into dfm_data values('Team Auto Center','Appointment Show Rate (all)','Jan','2015',0.83,0);
insert into dfm_data values('Team Auto Center','closing % on shown appointments (phone)','Jan','2015',0.72,0);
insert into dfm_data values('Team Auto Center','closing % on shown appointments (Internet)','Jan','2015',0.66,0);
insert into dfm_data values('Team Auto Center','Closing Ratio on Phone Leads','Jan','2015',0.28,0);
insert into dfm_data values('Team Auto Center','Closing Ratio on Internet Leads','Jan','2015',0.17,0);

insert into dfm_data values('Friendly Chevrolet ','eLead Contact %','Oct','2014',0.83,0);
insert into dfm_data values('Friendly Chevrolet ','Appointments to Leads (Phone)','Oct','2014',0.47,0);
insert into dfm_data values('Friendly Chevrolet ','Appointments to Leads (Internet)','Oct','2014',0.28,0);
insert into dfm_data values('Friendly Chevrolet ','Appointment Show Rate (all)','Oct','2014',0.74,0);
insert into dfm_data values('Friendly Chevrolet ','closing % on shown appointments (phone)','Oct','2014',0.76,0);
insert into dfm_data values('Friendly Chevrolet ','closing % on shown appointments (Internet)','Oct','2014',0.82,0);
insert into dfm_data values('Friendly Chevrolet ','Closing Ratio on Phone Leads','Oct','2014',0.37,0);
insert into dfm_data values('Friendly Chevrolet ','Closing Ratio on Internet Leads','Oct','2014',0.25,0);
insert into dfm_data values('Friendly Chevrolet ','eLead Contact %','Nov','2014',0.86,0);
insert into dfm_data values('Friendly Chevrolet ','Appointments to Leads (Phone)','Nov','2014',0.48,0);
insert into dfm_data values('Friendly Chevrolet ','Appointments to Leads (Internet)','Nov','2014',0.26,0);
insert into dfm_data values('Friendly Chevrolet ','Appointment Show Rate (all)','Nov','2014',0.81,0);
insert into dfm_data values('Friendly Chevrolet ','closing % on shown appointments (phone)','Nov','2014',0.7,0);
insert into dfm_data values('Friendly Chevrolet ','closing % on shown appointments (Internet)','Nov','2014',0.9,0);
insert into dfm_data values('Friendly Chevrolet ','Closing Ratio on Phone Leads','Nov','2014',0.38,0);
insert into dfm_data values('Friendly Chevrolet ','Closing Ratio on Internet Leads','Nov','2014',0.23,0);
insert into dfm_data values('Friendly Chevrolet ','eLead Contact %','Dec','2014',0.87,0);
insert into dfm_data values('Friendly Chevrolet ','Appointments to Leads (Phone)','Dec','2014',0.43,0);
insert into dfm_data values('Friendly Chevrolet ','Appointments to Leads (Internet)','Dec','2014',0.27,0);
insert into dfm_data values('Friendly Chevrolet ','Appointment Show Rate (all)','Dec','2014',0.71,0);
insert into dfm_data values('Friendly Chevrolet ','closing % on shown appointments (phone)','Dec','2014',0.74,0);
insert into dfm_data values('Friendly Chevrolet ','closing % on shown appointments (Internet)','Dec','2014',0.89,0);
insert into dfm_data values('Friendly Chevrolet ','Closing Ratio on Phone Leads','Dec','2014',0.32,0);
insert into dfm_data values('Friendly Chevrolet ','Closing Ratio on Internet Leads','Dec','2014',0.22,0);
insert into dfm_data values('Friendly Chevrolet ','eLead Contact %','Jan','2015',0.5,0);
insert into dfm_data values('Friendly Chevrolet ','Appointments to Leads (Phone)','Jan','2015',0.44,0);
insert into dfm_data values('Friendly Chevrolet ','Appointments to Leads (Internet)','Jan','2015',0.39,0);
insert into dfm_data values('Friendly Chevrolet ','Appointment Show Rate (all)','Jan','2015',0.83,0);
insert into dfm_data values('Friendly Chevrolet ','closing % on shown appointments (phone)','Jan','2015',0.72,0);
insert into dfm_data values('Friendly Chevrolet ','closing % on shown appointments (Internet)','Jan','2015',0.66,0);
insert into dfm_data values('Friendly Chevrolet ','Closing Ratio on Phone Leads','Jan','2015',0.28,0);
insert into dfm_data values('Friendly Chevrolet ','Closing Ratio on Internet Leads','Jan','2015',0.17,0);

insert into dfm_data values('Rydell Chevrolet CA','eLead Contact %','Sep','2014',0.36,0);
insert into dfm_data values('Rydell Chevrolet CA','Appointments to Leads (Phone)','Sep','2014',0,0);
insert into dfm_data values('Rydell Chevrolet CA','Appointments to Leads (Internet)','Sep','2014',0.11,0);
insert into dfm_data values('Rydell Chevrolet CA','Appointment Show Rate (all)','Sep','2014',0.88,0);
insert into dfm_data values('Rydell Chevrolet CA','closing % on shown appointments (phone)','Sep','2014',0,0);
insert into dfm_data values('Rydell Chevrolet CA','closing % on shown appointments (Internet)','Sep','2014',0.32,0);
insert into dfm_data values('Rydell Chevrolet CA','Closing Ratio on Phone Leads','Sep','2014',0,0);
insert into dfm_data values('Rydell Chevrolet CA','Closing Ratio on Internet Leads','Sep','2014',0.13,0);
insert into dfm_data values('Rydell Chevrolet CA','eLead Contact %','Oct','2014',0.28,0);
insert into dfm_data values('Rydell Chevrolet CA','Appointments to Leads (Phone)','Oct','2014',0,0);
insert into dfm_data values('Rydell Chevrolet CA','Appointments to Leads (Internet)','Oct','2014',0.08,0);
insert into dfm_data values('Rydell Chevrolet CA','Appointment Show Rate (all)','Oct','2014',0.92,0);
insert into dfm_data values('Rydell Chevrolet CA','closing % on shown appointments (phone)','Oct','2014',0,0);
insert into dfm_data values('Rydell Chevrolet CA','closing % on shown appointments (Internet)','Oct','2014',0.31,0);
insert into dfm_data values('Rydell Chevrolet CA','Closing Ratio on Phone Leads','Oct','2014',0,0);
insert into dfm_data values('Rydell Chevrolet CA','Closing Ratio on Internet Leads','Oct','2014',0.1,0);
insert into dfm_data values('Rydell Chevrolet CA','eLead Contact %','Nov','2014',0.33,0);
insert into dfm_data values('Rydell Chevrolet CA','Appointments to Leads (Phone)','Nov','2014',0,0);
insert into dfm_data values('Rydell Chevrolet CA','Appointments to Leads (Internet)','Nov','2014',0.12,0);
insert into dfm_data values('Rydell Chevrolet CA','Appointment Show Rate (all)','Nov','2014',0.93,0);
insert into dfm_data values('Rydell Chevrolet CA','closing % on shown appointments (phone)','Nov','2014',0,0);
insert into dfm_data values('Rydell Chevrolet CA','closing % on shown appointments (Internet)','Nov','2014',0.31,0);
insert into dfm_data values('Rydell Chevrolet CA','Closing Ratio on Phone Leads','Nov','2014',0,0);
insert into dfm_data values('Rydell Chevrolet CA','Closing Ratio on Internet Leads','Nov','2014',0.14,0);
insert into dfm_data values('Rydell Chevrolet CA','eLead Contact %','Dec','2014',0.32,0);
insert into dfm_data values('Rydell Chevrolet CA','Appointments to Leads (Phone)','Dec','2014',0,0);
insert into dfm_data values('Rydell Chevrolet CA','Appointments to Leads (Internet)','Dec','2014',0.15,0);
insert into dfm_data values('Rydell Chevrolet CA','Appointment Show Rate (all)','Dec','2014',0.79,0);
insert into dfm_data values('Rydell Chevrolet CA','closing % on shown appointments (phone)','Dec','2014',0,0);
insert into dfm_data values('Rydell Chevrolet CA','closing % on shown appointments (Internet)','Dec','2014',0.37,0);
insert into dfm_data values('Rydell Chevrolet CA','Closing Ratio on Phone Leads','Dec','2014',0,0);
insert into dfm_data values('Rydell Chevrolet CA','Closing Ratio on Internet Leads','Dec','2014',0.11,0);

insert into dfm_data values('White Bear Mitsubishi','eLead Contact %','Sep','2014',0.81,0);
insert into dfm_data values('White Bear Mitsubishi','Appointments to Leads (Phone)','Sep','2014',0.68,0);
insert into dfm_data values('White Bear Mitsubishi','Appointments to Leads (Internet)','Sep','2014',0.31,0);
insert into dfm_data values('White Bear Mitsubishi','Appointment Show Rate (all)','Sep','2014',0.7,0);
insert into dfm_data values('White Bear Mitsubishi','closing % on shown appointments (phone)','Sep','2014',0.44,0);
insert into dfm_data values('White Bear Mitsubishi','closing % on shown appointments (Internet)','Sep','2014',0.53,0);
insert into dfm_data values('White Bear Mitsubishi','Closing Ratio on Phone Leads','Sep','2014',0.17,0);
insert into dfm_data values('White Bear Mitsubishi','Closing Ratio on Internet Leads','Sep','2014',0.13,0);
insert into dfm_data values('White Bear Mitsubishi','eLead Contact %','Oct','2014',0.78,0);
insert into dfm_data values('White Bear Mitsubishi','Appointments to Leads (Phone)','Oct','2014',0.51,0);
insert into dfm_data values('White Bear Mitsubishi','Appointments to Leads (Internet)','Oct','2014',0.28,0);
insert into dfm_data values('White Bear Mitsubishi','Appointment Show Rate (all)','Oct','2014',0.75,0);
insert into dfm_data values('White Bear Mitsubishi','closing % on shown appointments (phone)','Oct','2014',0.5,0);
insert into dfm_data values('White Bear Mitsubishi','closing % on shown appointments (Internet)','Oct','2014',0.43,0);
insert into dfm_data values('White Bear Mitsubishi','Closing Ratio on Phone Leads','Oct','2014',0.14,0);
insert into dfm_data values('White Bear Mitsubishi','Closing Ratio on Internet Leads','Oct','2014',0.12,0);
insert into dfm_data values('White Bear Mitsubishi','eLead Contact %','Nov','2014',0.77,0);
insert into dfm_data values('White Bear Mitsubishi','Appointments to Leads (Phone)','Nov','2014',0.72,0);
insert into dfm_data values('White Bear Mitsubishi','Appointments to Leads (Internet)','Nov','2014',0.32,0);
insert into dfm_data values('White Bear Mitsubishi','Appointment Show Rate (all)','Nov','2014',0.78,0);
insert into dfm_data values('White Bear Mitsubishi','closing % on shown appointments (phone)','Nov','2014',0.47,0);
insert into dfm_data values('White Bear Mitsubishi','closing % on shown appointments (Internet)','Nov','2014',0.54,0);
insert into dfm_data values('White Bear Mitsubishi','Closing Ratio on Phone Leads','Nov','2014',0.25,0);
insert into dfm_data values('White Bear Mitsubishi','Closing Ratio on Internet Leads','Nov','2014',0.15,0);
insert into dfm_data values('White Bear Mitsubishi','eLead Contact %','Dec','2014',0.79,0);
insert into dfm_data values('White Bear Mitsubishi','Appointments to Leads (Phone)','Dec','2014',0.6,0);
insert into dfm_data values('White Bear Mitsubishi','Appointments to Leads (Internet)','Dec','2014',0.29,0);
insert into dfm_data values('White Bear Mitsubishi','Appointment Show Rate (all)','Dec','2014',0.81,0);
insert into dfm_data values('White Bear Mitsubishi','closing % on shown appointments (phone)','Dec','2014',0.36,0);
insert into dfm_data values('White Bear Mitsubishi','closing % on shown appointments (Internet)','Dec','2014',0.34,0);
insert into dfm_data values('White Bear Mitsubishi','Closing Ratio on Phone Leads','Dec','2014',0.15,0);
insert into dfm_data values('White Bear Mitsubishi','Closing Ratio on Internet Leads','Dec','2014',0.08,0);

insert into dfm_data values('Rhinelalnder Auto Center','eLead Contact %','Sep','2014',0.61,0);
insert into dfm_data values('Rhinelalnder Auto Center','Appointments to Leads (Phone)','Sep','2014',0.13,0);
insert into dfm_data values('Rhinelalnder Auto Center','Appointments to Leads (Internet)','Sep','2014',0.12,0);
insert into dfm_data values('Rhinelalnder Auto Center','Appointment Show Rate (all)','Sep','2014',0.93,0);
insert into dfm_data values('Rhinelalnder Auto Center','closing % on shown appointments (phone)','Sep','2014',1,0);
insert into dfm_data values('Rhinelalnder Auto Center','closing % on shown appointments (Internet)','Sep','2014',0.94,0);
insert into dfm_data values('Rhinelalnder Auto Center','Closing Ratio on Phone Leads','Sep','2014',0.21,0);
insert into dfm_data values('Rhinelalnder Auto Center','Closing Ratio on Internet Leads','Sep','2014',0.09,0);
insert into dfm_data values('Rhinelalnder Auto Center','eLead Contact %','Oct','2014',0.51,0);
insert into dfm_data values('Rhinelalnder Auto Center','Appointments to Leads (Phone)','Oct','2014',0.29,0);
insert into dfm_data values('Rhinelalnder Auto Center','Appointments to Leads (Internet)','Oct','2014',0.251,0);
insert into dfm_data values('Rhinelalnder Auto Center','Appointment Show Rate (all)','Oct','2014',0.82,0);
insert into dfm_data values('Rhinelalnder Auto Center','closing % on shown appointments (phone)','Oct','2014',0.88,0);
insert into dfm_data values('Rhinelalnder Auto Center','closing % on shown appointments (Internet)','Oct','2014',0.21,0);
insert into dfm_data values('Rhinelalnder Auto Center','Closing Ratio on Phone Leads','Oct','2014',0.41,0);
insert into dfm_data values('Rhinelalnder Auto Center','Closing Ratio on Internet Leads','Oct','2014',0.07,0);
insert into dfm_data values('Rhinelalnder Auto Center','eLead Contact %','Nov','2014',0.54,0);
insert into dfm_data values('Rhinelalnder Auto Center','Appointments to Leads (Phone)','Nov','2014',0.36,0);
insert into dfm_data values('Rhinelalnder Auto Center','Appointments to Leads (Internet)','Nov','2014',0.22,0);
insert into dfm_data values('Rhinelalnder Auto Center','Appointment Show Rate (all)','Nov','2014',0.71,0);
insert into dfm_data values('Rhinelalnder Auto Center','closing % on shown appointments (phone)','Nov','2014',0.85,0);
insert into dfm_data values('Rhinelalnder Auto Center','closing % on shown appointments (Internet)','Nov','2014',0.98,0);
insert into dfm_data values('Rhinelalnder Auto Center','Closing Ratio on Phone Leads','Nov','2014',0.21,0);
insert into dfm_data values('Rhinelalnder Auto Center','Closing Ratio on Internet Leads','Nov','2014',0.101,0);
insert into dfm_data values('Rhinelalnder Auto Center','eLead Contact %','Dec','2014',0.69,0);
insert into dfm_data values('Rhinelalnder Auto Center','Appointments to Leads (Phone)','Dec','2014',0.8,0);
insert into dfm_data values('Rhinelalnder Auto Center','Appointments to Leads (Internet)','Dec','2014',0.45,0);
insert into dfm_data values('Rhinelalnder Auto Center','Appointment Show Rate (all)','Dec','2014',0.7,0);
insert into dfm_data values('Rhinelalnder Auto Center','closing % on shown appointments (phone)','Dec','2014',0.8,0);
insert into dfm_data values('Rhinelalnder Auto Center','closing % on shown appointments (Internet)','Dec','2014',0.75,0);
insert into dfm_data values('Rhinelalnder Auto Center','Closing Ratio on Phone Leads','Dec','2014',0.2,0);
insert into dfm_data values('Rhinelalnder Auto Center','Closing Ratio on Internet Leads','Dec','2014',0.12,0);


UPDATE dfm_data
SET yearmonth = 
  CASE 
    WHEN the_month = 'Jan' THEN 201501
    WHEN the_month = 'Sep' THEN 201409
    WHEN the_month = 'Oct' THEN 201410
    WHEN the_month = 'Nov' THEN 201411
    WHEN the_month = 'Dec' THEN 201412
  END;

-- 2/23/15 - updated data FROM brian    
insert into dfm_data values('Alexandria Motors','eLead Contact %','Dec.','2014',0,0);
insert into dfm_data values('Alexandria Motors','Appointments to Leads (Phone)','Dec.','2014',0.2549,0);
insert into dfm_data values('Alexandria Motors','Appointments to Leads (Internet)','Dec.','2014',0.172,0);
insert into dfm_data values('Alexandria Motors','Appointment Show Rate (all)','Dec.','2014',0.86,0);
insert into dfm_data values('Alexandria Motors','closing % on shown appointments (phone)','Dec.','2014',0.6279,0);
insert into dfm_data values('Alexandria Motors','closing % on shown appointments (Internet)','Dec.','2014',0,0);
insert into dfm_data values('Alexandria Motors','Closing Ratio on Phone Leads','Dec.','2014',0.3137,0);
insert into dfm_data values('Alexandria Motors','Closing Ratio on Internet Leads','Dec.','2014',0.1398,0);
insert into dfm_data values('Alexandria Motors','eLead Contact %','Jan','2015',0,0);
insert into dfm_data values('Alexandria Motors','Appointments to Leads (Phone)','Jan','2015',0.229,0);
insert into dfm_data values('Alexandria Motors','Appointments to Leads (Internet)','Jan','2015',0.192,0);
insert into dfm_data values('Alexandria Motors','Appointment Show Rate (all)','Jan','2015',0.97,0);
insert into dfm_data values('Alexandria Motors','closing % on shown appointments (phone)','Jan','2015',0.58,0);
insert into dfm_data values('Alexandria Motors','closing % on shown appointments (Internet)','Jan','2015',0,0);
insert into dfm_data values('Alexandria Motors','Closing Ratio on Phone Leads','Jan','2015',0.271,0);
insert into dfm_data values('Alexandria Motors','Closing Ratio on Internet Leads','Jan','2015',0.136,0);

insert into dfm_data values('Apple Valley','eLead Contact %','Jan','2015',0,0);
insert into dfm_data values('Apple Valley','Appointments to Leads (Phone)','Jan','2015',0.61,0);
insert into dfm_data values('Apple Valley','Appointments to Leads (Internet)','Jan','2015',0.27,0);
insert into dfm_data values('Apple Valley','Appointment Show Rate (all)','Jan','2015',0.73,0);
insert into dfm_data values('Apple Valley','closing % on shown appointments (phone)','Jan','2015',0.56,0);
insert into dfm_data values('Apple Valley','closing % on shown appointments (Internet)','Jan','2015',0.53,0);
insert into dfm_data values('Apple Valley','Closing Ratio on Phone Leads','Jan','2015',0.26,0);
insert into dfm_data values('Apple Valley','Closing Ratio on Internet Leads','Jan','2015',0.1,0);

insert into dfm_data values('Durango Motor Co','eLead Contact %','Dec.','2014',0.74,0);
insert into dfm_data values('Durango Motor Co','Appointments to Leads (Phone)','Dec.','2014',0.81,0);
insert into dfm_data values('Durango Motor Co','Appointments to Leads (Internet)','Dec.','2014',0.33,0);
insert into dfm_data values('Durango Motor Co','Appointment Show Rate (all)','Dec.','2014',0.84,0);
insert into dfm_data values('Durango Motor Co','closing % on shown appointments (phone)','Dec.','2014',0.55,0);
insert into dfm_data values('Durango Motor Co','closing % on shown appointments (Internet)','Dec.','2014',0.6,0);
insert into dfm_data values('Durango Motor Co','Closing Ratio on Phone Leads','Dec.','2014',0.38,0);
insert into dfm_data values('Durango Motor Co','Closing Ratio on Internet Leads','Dec.','2014',0.16,0);
insert into dfm_data values('Durango Motor Co','eLead Contact %','Jan','2015',0.72,0);
insert into dfm_data values('Durango Motor Co','Appointments to Leads (Phone)','Jan','2015',0.81,0);
insert into dfm_data values('Durango Motor Co','Appointments to Leads (Internet)','Jan','2015',0.34,0);
insert into dfm_data values('Durango Motor Co','Appointment Show Rate (all)','Jan','2015',0.79,0);
insert into dfm_data values('Durango Motor Co','closing % on shown appointments (phone)','Jan','2015',0.5,0);
insert into dfm_data values('Durango Motor Co','closing % on shown appointments (Internet)','Jan','2015',0.63,0);
insert into dfm_data values('Durango Motor Co','Closing Ratio on Phone Leads','Jan','2015',0.32,0);
insert into dfm_data values('Durango Motor Co','Closing Ratio on Internet Leads','Jan','2015',0.17,0);

insert into dfm_data values('Gilleland Chevrolet','eLead Contact %','Jan','2015',0.63,0);
insert into dfm_data values('Gilleland Chevrolet','Appointments to Leads (Phone)','Jan','2015',0.38,0);
insert into dfm_data values('Gilleland Chevrolet','Appointments to Leads (Internet)','Jan','2015',0.22,0);
insert into dfm_data values('Gilleland Chevrolet','Appointment Show Rate (all)','Jan','2015',0.83,0);
insert into dfm_data values('Gilleland Chevrolet','closing % on shown appointments (phone)','Jan','2015',0.63,0);
insert into dfm_data values('Gilleland Chevrolet','closing % on shown appointments (Internet)','Jan','2015',0.68,0);
insert into dfm_data values('Gilleland Chevrolet','Closing Ratio on Phone Leads','Jan','2015',0.17,0);
insert into dfm_data values('Gilleland Chevrolet','Closing Ratio on Internet Leads','Jan','2015',0.11,0);

insert into dfm_data values('Okoboji GM Toyota','eLead Contact %','Jan','2015',0.4367,0);
insert into dfm_data values('Okoboji GM Toyota','Appointments to Leads (Phone)','Jan','2015',0.4444,0);
insert into dfm_data values('Okoboji GM Toyota','Appointments to Leads (Internet)','Jan','2015',0.1013,0);
insert into dfm_data values('Okoboji GM Toyota','Appointment Show Rate (all)','Jan','2015',0,0);
insert into dfm_data values('Okoboji GM Toyota','closing % on shown appointments (phone)','Jan','2015',0.625,0);
insert into dfm_data values('Okoboji GM Toyota','closing % on shown appointments (Internet)','Jan','2015',0.75,0);
insert into dfm_data values('Okoboji GM Toyota','Closing Ratio on Phone Leads','Jan','2015',0.2778,0);
insert into dfm_data values('Okoboji GM Toyota','Closing Ratio on Internet Leads','Jan','2015',0.0759,0);

insert into dfm_data values('Peoria Volkswagen','eLead Contact %','Dec','2014',0.77,0);
insert into dfm_data values('Peoria Volkswagen','Appointments to Leads (Phone)','Dec','2014',0.5,0);
insert into dfm_data values('Peoria Volkswagen','Appointments to Leads (Internet)','Dec','2014',0.22,0);
insert into dfm_data values('Peoria Volkswagen','Appointment Show Rate (all)','Dec','2014',0.82,0);
insert into dfm_data values('Peoria Volkswagen','closing % on shown appointments (phone)','Dec','2014',0.35,0);
insert into dfm_data values('Peoria Volkswagen','closing % on shown appointments (Internet)','Dec','2014',0.47,0);
insert into dfm_data values('Peoria Volkswagen','Closing Ratio on Phone Leads','Dec','2014',0.16,0);
insert into dfm_data values('Peoria Volkswagen','Closing Ratio on Internet Leads','Dec','2014',0.11,0);
insert into dfm_data values('Peoria Volkswagen','eLead Contact %','Jan','2015',0.85,0);
insert into dfm_data values('Peoria Volkswagen','Appointments to Leads (Phone)','Jan','2015',0.63,0);
insert into dfm_data values('Peoria Volkswagen','Appointments to Leads (Internet)','Jan','2015',0.22,0);
insert into dfm_data values('Peoria Volkswagen','Appointment Show Rate (all)','Jan','2015',0.81,0);
insert into dfm_data values('Peoria Volkswagen','closing % on shown appointments (phone)','Jan','2015',0.49,0);
insert into dfm_data values('Peoria Volkswagen','closing % on shown appointments (Internet)','Jan','2015',0.38,0);
insert into dfm_data values('Peoria Volkswagen','Closing Ratio on Phone Leads','Jan','2015',0.32,0);
insert into dfm_data values('Peoria Volkswagen','Closing Ratio on Internet Leads','Jan','2015',0.13,0);

insert into dfm_data values('Ressler Motors - Bozeman','eLead Contact %','Jan','2015',0,0);
insert into dfm_data values('Ressler Motors - Bozeman','Appointments to Leads (Phone)','Jan','2015',0.7,0);
insert into dfm_data values('Ressler Motors - Bozeman','Appointments to Leads (Internet)','Jan','2015',0,0);
insert into dfm_data values('Ressler Motors - Bozeman','Appointment Show Rate (all)','Jan','2015',0.82,0);
insert into dfm_data values('Ressler Motors - Bozeman','closing % on shown appointments (phone)','Jan','2015',0.66,0);
insert into dfm_data values('Ressler Motors - Bozeman','closing % on shown appointments (Internet)','Jan','2015',0,0);
insert into dfm_data values('Ressler Motors - Bozeman','Closing Ratio on Phone Leads','Jan','2015',0.379,0);
insert into dfm_data values('Ressler Motors - Bozeman','Closing Ratio on Internet Leads','Jan','2015',0.17,0);

insert into dfm_data values('Rhinelalnder Auto Center','eLead Contact %','Jan','2015',0.73,0);
insert into dfm_data values('Rhinelalnder Auto Center','Appointments to Leads (Phone)','Jan','2015',0.37,0);
insert into dfm_data values('Rhinelalnder Auto Center','Appointments to Leads (Internet)','Jan','2015',0.33,0);
insert into dfm_data values('Rhinelalnder Auto Center','Appointment Show Rate (all)','Jan','2015',0.71,0);
insert into dfm_data values('Rhinelalnder Auto Center','closing % on shown appointments (phone)','Jan','2015',0.56,0);
insert into dfm_data values('Rhinelalnder Auto Center','closing % on shown appointments (Internet)','Jan','2015',0.61,0);
insert into dfm_data values('Rhinelalnder Auto Center','Closing Ratio on Phone Leads','Jan','2015',0.27,0);
insert into dfm_data values('Rhinelalnder Auto Center','Closing Ratio on Internet Leads','Jan','2015',0.11,0);

insert into dfm_data values('VW of Inver Grove','eLead Contact %','Jan','2015',0.85,0);
insert into dfm_data values('VW of Inver Grove','Appointments to Leads (Phone)','Jan','2015',0.73,0);
insert into dfm_data values('VW of Inver Grove','Appointments to Leads (Internet)','Jan','2015',0.47,0);
insert into dfm_data values('VW of Inver Grove','Appointment Show Rate (all)','Jan','2015',0.58,0);
insert into dfm_data values('VW of Inver Grove','closing % on shown appointments (phone)','Jan','2015',0.65,0);
insert into dfm_data values('VW of Inver Grove','closing % on shown appointments (Internet)','Jan','2015',0.51,0);
insert into dfm_data values('VW of Inver Grove','Closing Ratio on Phone Leads','Jan','2015',0.37,0);
insert into dfm_data values('VW of Inver Grove','Closing Ratio on Internet Leads','Jan','2015',0.13,0);

insert into dfm_data values('White Bear Mitsubishi','eLead Contact %','Jan','2015',0.84,0);
insert into dfm_data values('White Bear Mitsubishi','Appointments to Leads (Phone)','Jan','2015',0.5,0);
insert into dfm_data values('White Bear Mitsubishi','Appointments to Leads (Internet)','Jan','2015',0.32,0);
insert into dfm_data values('White Bear Mitsubishi','Appointment Show Rate (all)','Jan','2015',0.68,0);
insert into dfm_data values('White Bear Mitsubishi','closing % on shown appointments (phone)','Jan','2015',0.38,0);
insert into dfm_data values('White Bear Mitsubishi','closing % on shown appointments (Internet)','Jan','2015',0.64,0);
insert into dfm_data values('White Bear Mitsubishi','Closing Ratio on Phone Leads','Jan','2015',0.1,0);
insert into dfm_data values('White Bear Mitsubishi','Closing Ratio on Internet Leads','Jan','2015',0.17,0);


insert into dfm_data values('Luxury Auto Mall of Sloux Falls','eLead Contact %','Sep','2014',0.573,0);
insert into dfm_data values('Luxury Auto Mall of Sloux Falls','Appointments to Leads (Phone)','Sep','2014',0.18,0);
insert into dfm_data values('Luxury Auto Mall of Sloux Falls','Appointments to Leads (Internet)','Sep','2014',0.1515,0);
insert into dfm_data values('Luxury Auto Mall of Sloux Falls','Appointment Show Rate (all)','Sep','2014',0.97,0);
insert into dfm_data values('Luxury Auto Mall of Sloux Falls','closing % on shown appointments (phone)','Sep','2014',0.92,0);
insert into dfm_data values('Luxury Auto Mall of Sloux Falls','closing % on shown appointments (Internet)','Sep','2014',0.762,0);
insert into dfm_data values('Luxury Auto Mall of Sloux Falls','Closing Ratio on Phone Leads','Sep','2014',0.18,0);
insert into dfm_data values('Luxury Auto Mall of Sloux Falls','Closing Ratio on Internet Leads','Sep','2014',0.121,0);
insert into dfm_data values('Luxury Auto Mall of Sloux Falls','eLead Contact %','Oct','2014',0.46,0);
insert into dfm_data values('Luxury Auto Mall of Sloux Falls','Appointments to Leads (Phone)','Oct','2014',0.39,0);
insert into dfm_data values('Luxury Auto Mall of Sloux Falls','Appointments to Leads (Internet)','Oct','2014',0.12,0);
insert into dfm_data values('Luxury Auto Mall of Sloux Falls','Appointment Show Rate (all)','Oct','2014',0.77,0);
insert into dfm_data values('Luxury Auto Mall of Sloux Falls','closing % on shown appointments (phone)','Oct','2014',0.85,0);
insert into dfm_data values('Luxury Auto Mall of Sloux Falls','closing % on shown appointments (Internet)','Oct','2014',0.47,0);
insert into dfm_data values('Luxury Auto Mall of Sloux Falls','Closing Ratio on Phone Leads','Oct','2014',0.38,0);
insert into dfm_data values('Luxury Auto Mall of Sloux Falls','Closing Ratio on Internet Leads','Oct','2014',0.13,0);
insert into dfm_data values('Luxury Auto Mall of Sloux Falls','eLead Contact %','Nov','2014',0.49,0);
insert into dfm_data values('Luxury Auto Mall of Sloux Falls','Appointments to Leads (Phone)','Nov','2014',0.52,0);
insert into dfm_data values('Luxury Auto Mall of Sloux Falls','Appointments to Leads (Internet)','Nov','2014',0.13,0);
insert into dfm_data values('Luxury Auto Mall of Sloux Falls','Appointment Show Rate (all)','Nov','2014',0.86,0);
insert into dfm_data values('Luxury Auto Mall of Sloux Falls','closing % on shown appointments (phone)','Nov','2014',0.82,0);
insert into dfm_data values('Luxury Auto Mall of Sloux Falls','closing % on shown appointments (Internet)','Nov','2014',1,0);
insert into dfm_data values('Luxury Auto Mall of Sloux Falls','Closing Ratio on Phone Leads','Nov','2014',0.31,0);
insert into dfm_data values('Luxury Auto Mall of Sloux Falls','Closing Ratio on Internet Leads','Nov','2014',0.17,0);
insert into dfm_data values('Luxury Auto Mall of Sloux Falls','eLead Contact %','Dec','2014',0.52,0);
insert into dfm_data values('Luxury Auto Mall of Sloux Falls','Appointments to Leads (Phone)','Dec','2014',0.39,0);
insert into dfm_data values('Luxury Auto Mall of Sloux Falls','Appointments to Leads (Internet)','Dec','2014',0.09,0);
insert into dfm_data values('Luxury Auto Mall of Sloux Falls','Appointment Show Rate (all)','Dec','2014',0.92,0);
insert into dfm_data values('Luxury Auto Mall of Sloux Falls','closing % on shown appointments (phone)','Dec','2014',0.9,0);
insert into dfm_data values('Luxury Auto Mall of Sloux Falls','closing % on shown appointments (Internet)','Dec','2014',1,0);
insert into dfm_data values('Luxury Auto Mall of Sloux Falls','Closing Ratio on Phone Leads','Dec','2014',0.32,0);
insert into dfm_data values('Luxury Auto Mall of Sloux Falls','Closing Ratio on Internet Leads','Dec','2014',0.1,0);
insert into dfm_data values('Luxury Auto Mall of Sloux Falls','eLead Contact %','Jan','2015',0.5252,0);
insert into dfm_data values('Luxury Auto Mall of Sloux Falls','Appointments to Leads (Phone)','Jan','2015',0.41,0);
insert into dfm_data values('Luxury Auto Mall of Sloux Falls','Appointments to Leads (Internet)','Jan','2015',0.1,0);
insert into dfm_data values('Luxury Auto Mall of Sloux Falls','Appointment Show Rate (all)','Jan','2015',0.91,0);
insert into dfm_data values('Luxury Auto Mall of Sloux Falls','closing % on shown appointments (phone)','Jan','2015',0.89,0);
insert into dfm_data values('Luxury Auto Mall of Sloux Falls','closing % on shown appointments (Internet)','Jan','2015',1.13,0);
insert into dfm_data values('Luxury Auto Mall of Sloux Falls','Closing Ratio on Phone Leads','Jan','2015',0.34,0);
insert into dfm_data values('Luxury Auto Mall of Sloux Falls','Closing Ratio on Internet Leads','Jan','2015',0.06,0);

UPDATE dfm_data
SET yearmonth = 
  CASE 
    WHEN the_month = 'Jan' THEN 201501
    WHEN the_month = 'Sep' THEN 201409
    WHEN the_month = 'Oct' THEN 201410
    WHEN the_month = 'Nov' THEN 201411
    WHEN the_month = 'Dec' THEN 201412
  END;    